,ds,trend,yhat_lower,yhat_upper,trend_lower,trend_upper,additive_terms,additive_terms_lower,additive_terms_upper,weekly,weekly_lower,weekly_upper,yearly,yearly_lower,yearly_upper,multiplicative_terms,multiplicative_terms_lower,multiplicative_terms_upper,yhat
0,2010-01-10,22684.900401637733,4187.265485740767,24312.5946889619,22684.900401637733,22684.900401637733,-8458.23231045054,-8458.23231045054,-8458.23231045054,-2316.9778513826227,-2316.9778513826227,-2316.9778513826227,-6141.254459067918,-6141.254459067918,-6141.254459067918,0.0,0.0,0.0,14226.668091187194
1,2010-02-04,22644.326595840394,24252.05855105978,44017.55152921234,22644.326595840394,22644.326595840394,11706.905469966345,11706.905469966345,11706.905469966345,2419.579950948793,2419.579950948793,2419.579950948793,9287.325519017553,9287.325519017553,9287.325519017553,0.0,0.0,0.0,34351.23206580674
2,2010-02-07,22639.457739144716,22622.753343473498,43433.77623098064,22639.457739144716,22639.457739144716,9906.258081162043,9906.258081162043,9906.258081162043,-2316.977851405182,-2316.977851405182,-2316.977851405182,12223.235932567226,12223.235932567226,12223.235932567226,0.0,0.0,0.0,32545.71582030676
3,2010-02-19,22619.98231236199,23074.600765767642,43319.46075989168,22619.98231236199,22619.98231236199,10643.474932559668,10643.474932559668,10643.474932559668,427.7277867360095,427.7277867360095,427.7277867360095,10215.74714582366,10215.74714582366,10215.74714582366,0.0,0.0,0.0,33263.45724492166
4,2010-02-26,22608.62164673874,15444.422881576682,36359.33290797007,22608.62164673874,22608.62164673874,3088.4176199708972,3088.4176199708972,3088.4176199708972,427.7277867345099,427.7277867345099,427.7277867345099,2660.6898332363876,2660.6898332363876,2660.6898332363876,0.0,0.0,0.0,25697.039266709635
5,2010-03-09,22590.76917218791,12128.010560617684,31845.33160900817,22590.76917218791,22590.76917218791,-1022.6437436812436,-1022.6437436812436,-1022.6437436812436,3115.9559246450863,3115.9559246450863,3115.9559246450863,-4138.59966832633,-4138.59966832633,-4138.59966832633,0.0,0.0,0.0,21568.125428506664
6,2010-03-12,22585.900316657473,8603.566696270334,28883.115352000692,22585.900316657477,22585.900316657477,-3607.1881258958597,-3607.1881258958597,-3607.1881258958597,427.72778673477734,427.72778673477734,427.72778673477734,-4034.9159126306367,-4034.9159126306367,-4034.9159126306367,0.0,0.0,0.0,18978.712190761613
7,2010-03-19,22574.539653753127,10539.9902708636,31178.425931287893,22574.539653753127,22574.539653753127,-1473.976214762129,-1473.976214762129,-1473.976214762129,427.7277867399678,427.7277867399678,427.7277867399678,-1901.704001502097,-1901.704001502097,-1901.704001502097,0.0,0.0,0.0,21100.563438990997
8,2010-03-26,22563.178990848774,13465.349313713506,32815.507326449406,22563.17899084877,22563.17899084877,908.9565722237909,908.9565722237909,908.9565722237909,427.72778673177737,427.72778673177737,427.72778673177737,481.22878549201346,481.22878549201346,481.22878549201346,0.0,0.0,0.0,23472.135563072563
9,2010-04-06,22545.326520570514,18556.12650835186,37973.72657693206,22545.326520570514,22545.326520570514,5568.473595639536,5568.473595639536,5568.473595639536,3115.9559246276363,3115.9559246276363,3115.9559246276363,2452.5176710119,2452.5176710119,2452.5176710119,0.0,0.0,0.0,28113.800116210048
10,2010-04-16,22529.097002146973,16740.924516305047,37641.87239110789,22529.097002146973,22529.097002146973,4671.304144514722,4671.304144514722,4671.304144514722,427.72778673560197,427.72778673560197,427.72778673560197,4243.57635777912,4243.57635777912,4243.57635777912,0.0,0.0,0.0,27200.401146661694
11,2010-04-23,22517.736339250492,17492.20633958044,36842.3687665858,22517.736339250492,22517.736339250492,5078.547971126018,5078.547971126018,5078.547971126018,427.7277867274115,427.7277867274115,427.7277867274115,4650.820184398607,4650.820184398607,4650.820184398607,0.0,0.0,0.0,27596.28431037651
12,2010-04-30,22506.37567635401,16235.66633938432,36236.16706844455,22506.37567635401,22506.37567635401,3144.5197877003257,3144.5197877003257,3144.5197877003257,427.7277867409266,427.7277867409266,427.7277867409266,2716.7920009593986,2716.7920009593986,2716.7920009593986,0.0,0.0,0.0,25650.895464054338
13,2010-05-02,22503.129772669305,12250.414554761222,32585.983555350565,22503.1297726693,22503.1297726693,-585.9176879318265,-585.9176879318265,-585.9176879318265,-2316.977851390182,-2316.977851390182,-2316.977851390182,1731.0601634583556,1731.0601634583556,1731.0601634583556,0.0,0.0,0.0,21917.21208473748
14,2010-05-03,22501.50682082695,17939.46430109153,37714.92711803689,22501.50682082695,22501.50682082695,5712.729603473815,5712.729603473815,5712.729603473815,4522.836112413744,4522.836112413744,4522.836112413744,1189.8934910600717,1189.8934910600717,1189.8934910600717,0.0,0.0,0.0,28214.236424300765
15,2010-05-11,22488.523206306752,11961.239616204799,32715.34837535078,22488.523206306752,22488.523206306752,-61.19742265373324,-61.19742265373324,-61.19742265373324,3115.955924641386,3115.955924641386,3115.955924641386,-3177.153347295119,-3177.153347295119,-3177.153347295119,0.0,0.0,0.0,22427.325783653017
16,2010-05-14,22483.654350861678,8364.66425557709,29339.366151346763,22483.654350861678,22483.654350861678,-3824.304216149384,-3824.304216149384,-3824.304216149384,427.7277867312361,427.7277867312361,427.7277867312361,-4252.032002880621,-4252.032002880621,-4252.032002880621,0.0,0.0,0.0,18659.350134712295
17,2010-05-21,22472.293688156507,8204.762171940394,29049.036523458162,22472.293688156507,22472.293688156507,-4025.509424338835,-4025.509424338835,-4025.509424338835,427.72778673137026,427.72778673137026,427.72778673137026,-4453.237211070205,-4453.237211070205,-4453.237211070205,0.0,0.0,0.0,18446.784263817673
18,2010-05-28,22460.933025451333,10209.839256970976,30820.782026241686,22460.933025451333,22460.933025451333,-1740.5150050172083,-1740.5150050172083,-1740.5150050172083,427.7277867365601,427.7277867365601,427.7277867365601,-2168.2427917537684,-2168.2427917537684,-2168.2427917537684,0.0,0.0,0.0,20720.418020434125
19,2010-06-08,22443.080554734654,15549.615869689906,35716.0627381708,22443.080554734654,22443.080554734654,2881.049060808119,2881.049060808119,2881.049060808119,3115.955924649031,3115.955924649031,3115.955924649031,-234.90686384091177,-234.90686384091177,-234.90686384091177,0.0,0.0,0.0,25324.129615542774
20,2010-06-18,22426.85103590131,8744.442538134197,29454.362615560807,22426.85103590131,22426.85103590131,-3507.068022306329,-3507.068022306329,-3507.068022306329,427.72778674201885,427.72778674201885,427.72778674201885,-3934.795809048348,-3934.795809048348,-3934.795809048348,0.0,0.0,0.0,18919.78301359498
21,2010-06-25,22415.49037271797,5747.101616883782,26146.50576412484,22415.49037271797,22415.49037271797,-6411.336496919089,-6411.336496919089,-6411.336496919089,427.72778674051966,427.72778674051966,427.72778674051966,-6839.064283659608,-6839.064283659608,-6839.064283659608,0.0,0.0,0.0,16004.153875798882
22,2010-07-05,22399.260853884625,9971.542583622888,29635.331208584466,22399.260853884625,22399.260853884625,-2769.6557866555004,-2769.6557866555004,-2769.6557866555004,4522.836112408434,4522.836112408434,4522.836112408434,-7292.491899063934,-7292.491899063934,-7292.491899063934,0.0,0.0,0.0,19629.605067229124
23,2010-07-16,22381.40838316795,7270.474642114883,27840.90628480977,22381.40838316795,22381.40838316795,-4612.3991400697005,-4612.3991400697005,-4612.3991400697005,427.72778673765305,427.72778673765305,427.72778673765305,-5040.126926807353,-5040.126926807353,-5040.126926807353,0.0,0.0,0.0,17769.009243098248
24,2010-07-23,22370.047720405182,8118.52426238581,28671.362542556642,22370.047720405182,22370.047720405182,-4251.230532215316,-4251.230532215316,-4251.230532215316,427.7277867294626,427.7277867294626,427.7277867294626,-4678.958318944779,-4678.958318944779,-4678.958318944779,0.0,0.0,0.0,18118.817188189867
25,2010-07-30,22358.68705764242,7648.297624965847,27270.496591843606,22358.68705764242,22358.68705764242,-4942.585239688438,-4942.585239688438,-4942.585239688438,427.7277867362876,427.7277867362876,427.7277867362876,-5370.313026424726,-5370.313026424726,-5370.313026424726,0.0,0.0,0.0,17416.101817953982
26,2010-08-10,22340.834587586647,8579.636200578503,29674.975430441453,22340.834587586643,22340.834587586643,-3210.2816211723057,-3210.2816211723057,-3210.2816211723057,3115.9559246453305,3115.9559246453305,3115.9559246453305,-6326.237545817637,-6326.237545817637,-6326.237545817637,0.0,0.0,0.0,19130.55296641434
27,2010-08-13,22335.96573211689,6604.011089173156,26719.71555280003,22335.965732116892,22335.965732116892,-5789.707971133569,-5789.707971133569,-5789.707971133569,427.7277867332872,427.7277867332872,427.7277867332872,-6217.435757866857,-6217.435757866857,-6217.435757866857,0.0,0.0,0.0,16546.25776098332
28,2010-08-20,22324.605069404166,7284.956047781596,28020.56064591893,22324.605069404166,22324.605069404166,-4756.299928847539,-4756.299928847539,-4756.299928847539,427.72778672509634,427.72778672509634,427.72778672509634,-5184.027715572635,-5184.027715572635,-5184.027715572635,0.0,0.0,0.0,17568.305140556626
29,2010-08-27,22313.244406691436,8724.94368081934,28878.68442390121,22313.244406691436,22313.244406691436,-2879.4340969322975,-2879.4340969322975,-2879.4340969322975,427.7277867386118,427.7277867386118,427.7277867386118,-3307.161883670909,-3307.161883670909,-3307.161883670909,0.0,0.0,0.0,19433.810309759137
30,2010-09-04,22300.260792162604,8868.478259461635,28211.449548012308,22300.260792162604,22300.260792162604,-4046.902519984491,-4046.902519984491,-4046.902519984491,-2975.1074702169135,-2975.1074702169135,-2975.1074702169135,-1071.795049767578,-1071.795049767578,-1071.795049767578,0.0,0.0,0.0,18253.358272178113
31,2010-09-07,22295.39193671429,14841.66901482094,34911.76125783954,22295.39193671429,22295.39193671429,2604.6928276770595,2604.6928276770595,2604.6928276770595,3115.955924637447,3115.955924637447,3115.955924637447,-511.26309696038743,-511.26309696038743,-511.26309696038743,0.0,0.0,0.0,24900.08476439135
32,2010-09-17,22279.162418553253,11374.680827590706,31804.14675331752,22279.16241855325,22279.16241855325,-310.0109305045698,-310.0109305045698,-310.0109305045698,427.72778673574555,427.72778673574555,427.72778673574555,-737.7387172403159,-737.7387172403159,-737.7387172403159,0.0,0.0,0.0,21969.151488048683
33,2010-09-24,22267.801755716224,10769.386038912899,30791.368089754495,22267.801755716224,22267.801755716224,-1878.0222103396293,-1878.0222103396293,-1878.0222103396293,427.72778674257097,427.72778674257097,427.72778674257097,-2305.7499970822005,-2305.7499970822005,-2305.7499970822005,0.0,0.0,0.0,20389.779545376594
34,2010-10-09,22243.457478208304,7408.585382276266,28924.949451293436,22243.457478208304,22243.457478208304,-4011.231546454012,-4011.231546454012,-4011.231546454012,-2975.1074702168316,-2975.1074702168316,-2975.1074702168316,-1036.1240762371808,-1036.1240762371808,-1036.1240762371808,0.0,0.0,0.0,18232.225931754292
35,2010-10-12,22238.588622706717,15940.948043779943,35813.59820193798,22238.588622706717,22238.588622706717,3672.003146454237,3672.003146454237,3672.003146454237,3115.9559246320646,3115.9559246320646,3115.9559246320646,556.0472218221736,556.0472218221736,556.0472218221736,0.0,0.0,0.0,25910.591769160954
36,2010-10-15,22233.719767205133,14988.29739860268,35145.490567571884,22233.719767205133,22233.719767205133,2782.9738573940344,2782.9738573940344,2782.9738573940344,427.72778673970447,427.72778673970447,427.72778673970447,2355.24607065433,2355.24607065433,2355.24607065433,0.0,0.0,0.0,25016.693624599167
37,2010-10-22,22222.359104569525,19067.508030881814,39406.73440219633,22222.359104569525,22222.359104569525,6406.4699898530935,6406.4699898530935,6406.4699898530935,427.7277867382041,427.7277867382041,427.7277867382041,5978.74220311489,5978.74220311489,5978.74220311489,0.0,0.0,0.0,28628.829094422617
38,2010-10-29,22210.998441933913,19466.676222326027,39232.89568297966,22210.998441933913,22210.998441933913,6979.043722407436,6979.043722407436,6979.043722407436,427.72778673001363,427.72778673001363,427.72778673001363,6551.315935677423,6551.315935677423,6551.315935677423,0.0,0.0,0.0,29190.04216434135
39,2010-11-06,22198.014827493218,11286.849244048275,31663.738355617377,22198.014827493218,22198.014827493218,-389.7984744766679,-389.7984744766679,-389.7984744766679,-2975.107470219771,-2975.107470219771,-2975.107470219771,2585.3089957431025,2585.3089957431025,2585.3089957431025,0.0,0.0,0.0,21808.21635301655
40,2010-11-19,22176.916454027083,7631.582675642475,27511.552895268505,22176.91645402708,22176.91645402708,-4468.150449208541,-4468.150449208541,-4468.150449208541,427.72778672714776,427.72778672714776,427.72778672714776,-4895.878235935689,-4895.878235935689,-4895.878235935689,0.0,0.0,0.0,17708.766004818543
41,2010-11-26,22165.55579139147,9110.926013674063,29827.66354564268,22165.55579139147,22165.55579139147,-3131.4662437611514,-3131.4662437611514,-3131.4662437611514,427.72778674066325,427.72778674066325,427.72778674066325,-3559.1940305018143,-3559.1940305018143,-3559.1940305018143,0.0,0.0,0.0,19034.08954763032
42,2010-12-02,22155.8180797847,16092.68391035102,35525.0123031469,22155.8180797847,22155.8180797847,3654.849857444821,3654.849857444821,3654.849857444821,2419.579950943434,2419.579950943434,2419.579950943434,1235.2699065013865,1235.2699065013865,1235.2699065013865,0.0,0.0,0.0,25810.667937229522
43,2010-12-03,22154.195127850242,14448.19147257723,34215.598766954376,22154.195127850242,22154.195127850242,2690.520435122809,2690.520435122809,2690.520435122809,427.72778673247274,427.72778673247274,427.72778673247274,2262.7926483903366,2262.7926483903366,2262.7926483903366,0.0,0.0,0.0,24844.71556297305
44,2010-12-11,22141.211512374546,19808.466056569152,40830.67040674818,22141.211512374546,22141.211512374546,7894.596118468133,7894.596118468133,7894.596118468133,-2975.1074702306364,-2975.1074702306364,-2975.1074702306364,10869.703588698769,10869.703588698769,10869.703588698769,0.0,0.0,0.0,30035.80763084268
45,2010-12-17,22131.473800767773,27502.42701229881,48360.47587220916,22131.473800767773,22131.473800767773,15597.03133851403,15597.03133851403,15597.03133851403,427.72778672947277,427.72778672947277,427.72778672947277,15169.303551784558,15169.303551784558,15169.303551784558,0.0,0.0,0.0,37728.505139281806
46,2010-12-24,22120.11313406098,27540.979510382058,47547.728075345505,22120.11313406098,22120.11313406098,15125.169207925705,15125.169207925705,15125.169207925705,427.7277867362962,427.7277867362962,427.7277867362962,14697.441421189405,14697.441421189405,14697.441421189405,0.0,0.0,0.0,37245.28234198668
47,2010-12-31,22108.75246735419,20179.643216251636,41281.293290356974,22108.75246735419,22108.75246735419,8256.842813113355,8256.842813113355,8256.842813113355,427.7277867281065,427.7277867281065,427.7277867281065,7829.11502638525,7829.11502638525,7829.11502638525,0.0,0.0,0.0,30365.595280467543
48,2011-01-04,22102.260657807445,16894.150598672084,37084.8450612749,22102.260657807445,22102.260657807445,5280.136111290259,5280.136111290259,5280.136111290259,3115.955924649037,3115.955924649037,3115.955924649037,2164.1801866412225,2164.1801866412225,2164.1801866412225,0.0,0.0,0.0,27382.396769097704
49,2011-01-07,22097.391800647394,10240.006496538044,31496.670972088057,22097.391800647394,22097.391800647394,-1692.8839214386292,-1692.8839214386292,-1692.8839214386292,427.7277867349303,427.7277867349303,427.7277867349303,-2120.61170817356,-2120.61170817356,-2120.61170817356,0.0,0.0,0.0,20404.507879208766
50,2011-01-14,22086.0311339406,3639.1799741244827,23354.032889393828,22086.0311339406,22086.0311339406,-8798.252868283247,-8798.252868283247,-8798.252868283247,427.7277867417557,427.7277867417557,427.7277867417557,-9225.980655025001,-9225.980655025001,-9225.980655025001,0.0,0.0,0.0,13287.778265657353
51,2011-01-21,22074.67046514998,3487.9440998767586,23093.77719092431,22074.67046514998,22074.67046514998,-8307.953907923424,-8307.953907923424,-8307.953907923424,427.72778674025534,427.72778674025534,427.72778674025534,-8735.681694663679,-8735.681694663679,-8735.681694663679,0.0,0.0,0.0,13766.716557226555
52,2011-01-28,22063.30979635936,11397.516232530044,31384.612399255264,22063.30979635936,22063.30979635936,-409.7887585435651,-409.7887585435651,-409.7887585435651,427.7277867320648,427.7277867320648,427.7277867320648,-837.5165452756302,-837.5165452756302,-837.5165452756302,0.0,0.0,0.0,21653.521037815797
53,2011-02-09,22043.834364146875,19641.504211975218,40842.62941773655,22043.834364146875,22043.834364146875,8138.751328014401,8138.751328014401,8138.751328014401,-5194.014453124764,-5194.014453124764,-5194.014453124764,13332.765781139165,13332.765781139165,13332.765781139165,0.0,0.0,0.0,30182.585692161276
54,2011-02-12,22038.965506093755,23897.98359525864,43646.63874485751,22038.965506093755,22038.965506093755,11093.110906034672,11093.110906034672,11093.110906034672,-2975.107470222545,-2975.107470222545,-2975.107470222545,14068.218376257213,14068.218376257213,14068.218376257213,0.0,0.0,0.0,33132.07641212843
55,2011-02-18,22029.227789755772,23120.329346788436,43499.76702321237,22029.227789755772,22029.227789755772,11766.02711750811,11766.02711750811,11766.02711750811,427.7277867358893,427.7277867358893,427.7277867358893,11338.299330772223,11338.299330772223,11338.299330772223,0.0,0.0,0.0,33795.25490726388
56,2011-02-25,22017.867120694795,17165.003228423815,37041.44774993136,22017.867120694795,22017.867120694795,4443.458859781748,4443.458859781748,4443.458859781748,427.7277867343893,427.7277867343893,427.7277867343893,4015.7310730473573,4015.7310730473573,4015.7310730473573,0.0,0.0,0.0,26461.325980476544
57,2011-03-06,22003.260546187823,7245.962120148877,27057.52564343709,22003.260546187823,22003.260546187823,-5649.206135931427,-5649.206135931427,-5649.206135931427,-2316.9778513903,-2316.9778513903,-2316.9778513903,-3332.2282845411246,-3332.2282845411246,-3332.2282845411246,0.0,0.0,0.0,16354.054410256396
58,2011-03-18,21983.78511351186,9576.808254168647,30192.7862122978,21983.78511351186,21983.78511351186,-1948.2285747646197,-1948.2285747646197,-1948.2285747646197,427.7277867248334,427.7277867248334,427.7277867248334,-2375.956361489453,-2375.956361489453,-2375.956361489453,0.0,0.0,0.0,20035.55653874724
59,2011-03-25,21972.42444445088,13591.483491083798,32509.2079866782,21972.42444445088,21972.42444445088,554.6037806140981,554.6037806140981,554.6037806140981,427.7277867383481,427.7277867383481,427.7277867383481,126.87599387575017,126.87599387575017,126.87599387575017,0.0,0.0,0.0,22527.02822506498
60,2011-04-02,21959.440825114554,10832.90685514114,31073.341277414893,21959.44082511455,21959.44082511455,-1151.0977819710322,-1151.0977819710322,-1151.0977819710322,-2975.107470214129,-2975.107470214129,-2975.107470214129,1824.0096882430964,1824.0096882430964,1824.0096882430964,0.0,0.0,0.0,20808.343043143523
61,2011-04-03,21957.817872697517,11579.245326607945,32167.731897998787,21957.817872697517,21957.817872697517,-344.46819358944293,-344.46819358944293,-344.46819358944293,-2316.977851384557,-2316.977851384557,-2316.977851384557,1972.5096577951142,1972.5096577951142,1972.5096577951142,0.0,0.0,0.0,21613.349679108072
62,2011-04-11,21944.834253361187,19534.173602692514,39415.67106175238,21944.834253361187,21944.834253361187,7790.081487719926,7790.081487719926,7790.081487719926,4522.836112410485,4522.836112410485,4522.836112410485,3267.245375309442,3267.245375309442,3267.245375309442,0.0,0.0,0.0,29734.915741081113
63,2011-04-15,21938.34244369302,15712.842270649464,36405.43288458216,21938.34244369302,21938.34244369302,4454.873670929053,4454.873670929053,4454.873670929053,427.7277867271576,427.7277867271576,427.7277867271576,4027.145884201895,4027.145884201895,4027.145884201895,0.0,0.0,0.0,26393.216114622075
64,2011-04-22,21926.981762128504,17215.722845666805,36722.32169131424,21926.981762128504,21926.981762128504,5150.097193632205,5150.097193632205,5150.097193632205,427.7277867423068,427.7277867423068,427.7277867423068,4722.369406889898,4722.369406889898,4722.369406889898,0.0,0.0,0.0,27077.07895576071
65,2011-04-29,21915.621080563986,15652.018379055233,34953.96471421308,21915.621080563986,21915.621080563986,3676.7383810013744,3676.7383810013744,3676.7383810013744,427.7277867341163,427.7277867341163,427.7277867341163,3249.0105942672585,3249.0105942672585,3249.0105942672585,0.0,0.0,0.0,25592.35946156536
66,2011-05-08,21901.014489981033,7727.698271102556,28664.67108365581,21901.014489981033,21901.014489981033,-3847.5623672452816,-3847.5623672452816,-3847.5623672452816,-2316.9778513986057,-2316.9778513986057,-2316.9778513986057,-1530.5845158466764,-1530.5845158466764,-1530.5845158466764,0.0,0.0,0.0,18053.45212273575
67,2011-05-13,21892.899717434946,7979.4045496434865,27513.56076717111,21892.899717434942,21892.899717434942,-3440.6748727335867,-3440.6748727335867,-3440.6748727335867,427.72778673944055,427.72778673944055,427.72778673944055,-3868.4026594730276,-3868.4026594730276,-3868.4026594730276,0.0,0.0,0.0,18452.22484470136
68,2011-05-20,21881.539035870424,7621.75650053317,27929.118316709784,21881.539035870424,21881.539035870424,-4227.333180284122,-4227.333180284122,-4227.333180284122,427.72778673794096,427.72778673794096,427.72778673794096,-4655.060967022063,-4655.060967022063,-4655.060967022063,0.0,0.0,0.0,17654.205855586304
69,2011-05-27,21870.05045926154,9924.004201881735,29811.912191209918,21870.05045926154,21870.05045926154,-2218.595444790832,-2218.595444790832,-2218.595444790832,427.72778672975005,427.72778672975005,427.72778672975005,-2646.323231520583,-2646.323231520583,-2646.323231520583,0.0,0.0,0.0,19651.455014470706
70,2011-06-05,21855.27943219297,9667.949139275875,29324.362315678238,21855.27943219297,21855.27943219297,-2450.9723615825433,-2450.9723615825433,-2450.9723615825433,-2316.977851395091,-2316.977851395091,-2316.977851395091,-133.99451018745236,-133.99451018745236,-133.99451018745236,0.0,0.0,0.0,19404.307070610426
71,2011-06-17,21835.58472943488,9531.639808913078,28933.104833794554,21835.58472943488,21835.58472943488,-2895.757000307446,-2895.757000307446,-2895.757000307446,427.7277867335745,427.7277867335745,427.7277867335745,-3323.4847870410213,-3323.4847870410213,-3323.4847870410213,0.0,0.0,0.0,18939.82772912743
72,2011-06-24,21824.096152825987,5287.482628502993,25985.00590830154,21824.096152825987,21824.096152825987,-6014.645207118228,-6014.645207118228,-6014.645207118228,427.7277867320745,427.7277867320745,427.7277867320745,-6442.372993850304,-6442.372993850304,-6442.372993850304,0.0,0.0,0.0,15809.450945707758
73,2011-07-01,21812.607576247832,3925.6497347654754,24242.3642699731,21812.607576247832,21812.607576247832,-7240.732201071281,-7240.732201071281,-7240.732201071281,427.7277867388995,427.7277867388995,427.7277867388995,-7668.45998781018,-7668.45998781018,-7668.45998781018,0.0,0.0,0.0,14571.87537517655
74,2011-07-10,21797.836549218773,3175.454292384735,23347.956075390197,21797.836549218773,21797.836549218773,-8617.763404012938,-8617.763404012938,-8617.763404012938,-2316.9778513938736,-2316.9778513938736,-2316.9778513938736,-6300.785552619064,-6300.785552619064,-6300.785552619064,0.0,0.0,0.0,13180.073145205835
75,2011-07-15,21789.630423091516,7666.988288551657,27026.69055840348,21789.630423091516,21789.630423091516,-4812.208244263026,-4812.208244263026,-4812.208244263026,427.7277867358995,427.7277867358995,427.7277867358995,-5239.936030998926,-5239.936030998926,-5239.936030998926,0.0,0.0,0.0,16977.42217882849
76,2011-07-22,21778.141846513357,7788.038480067061,28020.65907397879,21778.141846513357,21778.141846513357,-4220.157084357915,-4220.157084357915,-4220.157084357915,427.72778673603324,427.72778673603324,427.72778673603324,-4647.884871093948,-4647.884871093948,-4647.884871093948,0.0,0.0,0.0,17557.984762155444
77,2011-07-29,21766.653269935206,7110.909507470803,26939.188169788526,21766.653269935206,21766.653269935206,-4779.594365816639,-4779.594365816639,-4779.594365816639,427.72778673616733,427.72778673616733,427.72778673616733,-5207.322152552806,-5207.322152552806,-5207.322152552806,0.0,0.0,0.0,16987.058904118567
78,2011-08-04,21756.805915711106,8550.155793657383,28964.17808253884,21756.805915711106,21756.805915711106,-3547.1494801453905,-3547.1494801453905,-3547.1494801453905,2419.5799509517487,2419.5799509517487,2419.5799509517487,-5966.729431097139,-5966.729431097139,-5966.729431097139,0.0,0.0,0.0,18209.656435565714
79,2011-08-07,21751.882238599057,2764.1699567156406,23739.06622729744,21751.882238599057,21751.882238599057,-8543.14327258117,-8543.14327258117,-8543.14327258117,-2316.9778514033965,-2316.9778514033965,-2316.9778514033965,-6226.165421177773,-6226.165421177773,-6226.165421177773,0.0,0.0,0.0,13208.738966017887
80,2011-08-19,21732.18753015086,6989.606812270359,25991.91646756976,21732.18753015086,21732.18753015086,-5015.926362279573,-5015.926362279573,-5015.926362279573,427.727786739992,427.727786739992,427.727786739992,-5443.654149019566,-5443.654149019566,-5443.654149019566,0.0,0.0,0.0,16716.261167871286
81,2011-08-26,21720.698950222744,8817.495302899657,28458.81611226589,21720.698950222744,21720.698950222744,-3250.509084803623,-3250.509084803623,-3250.509084803623,427.7277867318015,427.7277867318015,427.7277867318015,-3678.2368715354246,-3678.2368715354246,-3678.2368715354246,0.0,0.0,0.0,18470.18986541912
82,2011-09-09,21697.721790190935,12321.652819732495,31877.95939666571,21697.721790190935,21697.721790190935,121.69129997596887,121.69129997596887,121.69129997596887,427.72778673712617,427.72778673712617,427.72778673712617,-306.03648676115694,-306.03648676115694,-306.03648676115694,0.0,0.0,0.0,21819.413090166905
83,2011-09-12,21692.79811304126,16151.085106750588,36733.6436973278,21692.79811304126,21692.79811304126,4326.93744230798,4326.93744230798,4326.93744230798,4522.836112422859,4522.836112422859,4522.836112422859,-195.89867011487956,-195.89867011487956,-195.89867011487956,0.0,0.0,0.0,26019.735555349238
84,2011-09-16,21686.23321017503,10483.532496433303,31723.74808169319,21686.23321017503,21686.23321017503,-104.5436070549941,-104.5436070549941,-104.5436070549941,427.7277867356266,427.7277867356266,427.7277867356266,-532.2713937906199,-532.2713937906199,-532.2713937906199,0.0,0.0,0.0,21581.689603120034
85,2011-09-23,21674.744630159123,9753.339990082066,30599.12478730918,21674.744630159123,21674.744630159123,-1591.9790835661336,-1591.9790835661336,-1591.9790835661336,427.72778673412574,427.72778673412574,427.72778673412574,-2019.7068703002594,-2019.7068703002594,-2019.7068703002594,0.0,0.0,0.0,20082.76554659299
86,2011-09-30,21663.256050143216,8865.323930883196,29043.222664884346,21663.256050143216,21663.256050143216,-2690.0154400675733,-2690.0154400675733,-2690.0154400675733,427.72778674095076,427.72778674095076,427.72778674095076,-3117.7432268085236,-3117.7432268085236,-3117.7432268085236,0.0,0.0,0.0,18973.24061007564
87,2011-10-06,21653.408695025828,12910.096485588718,32288.35643833311,21653.408695025828,21653.408695025828,106.19656395380339,106.19656395380339,106.19656395380339,2419.579950942057,2419.579950942057,2419.579950942057,-2313.3833869882533,-2313.3833869882533,-2313.3833869882533,0.0,0.0,0.0,21759.60525897963
88,2011-10-14,21640.278888202643,13188.796808507397,33873.237982423285,21640.278888202643,21640.278888202643,2022.7551189123594,2022.7551189123594,2022.7551189123594,427.72778673126027,427.72778673126027,427.72778673126027,1595.0273321810996,1595.0273321810996,1595.0273321810996,0.0,0.0,0.0,23663.034007115002
89,2011-10-21,21628.790307232353,17390.734049797415,37718.799051625334,21628.790307232353,21628.790307232353,5916.198591228234,5916.198591228234,5916.198591228234,427.7277867297597,427.7277867297597,427.7277867297597,5488.4708044984745,5488.4708044984745,5488.4708044984745,0.0,0.0,0.0,27544.988898460586
90,2011-10-28,21617.301726262067,18724.324549633962,39666.8860798576,21617.301726262067,21617.301726262067,7175.9117736918415,7175.9117736918415,7175.9117736918415,427.72778673658473,427.72778673658473,427.72778673658473,6748.183986955257,6748.183986955257,6748.183986955257,0.0,0.0,0.0,28793.21349995391
91,2011-11-02,21609.09559554567,11233.924135225836,31766.347488554005,21609.09559554567,21609.09559554567,6.8505341982897825,6.8505341982897825,6.8505341982897825,-5194.014453122127,-5194.014453122127,-5194.014453122127,5200.864987320417,5200.864987320417,5200.864987320417,0.0,0.0,0.0,21615.94612974396
92,2011-11-03,21607.454369402385,18220.573274267615,38192.66456310823,21607.45436940238,21607.45436940238,7089.756472177441,7089.756472177441,7089.756472177441,2419.57995094854,2419.57995094854,2419.57995094854,4670.1765212289,4670.1765212289,4670.1765212289,0.0,0.0,0.0,28697.210841579825
93,2011-11-11,21594.324560256147,10720.040465573928,31522.272317124545,21594.324560256147,21594.324560256147,-449.45770213170175,-449.45770213170175,-449.45770213170175,427.7277867419089,427.7277867419089,427.7277867419089,-877.1854888736106,-877.1854888736106,-877.1854888736106,0.0,0.0,0.0,21144.866858124446
94,2011-11-18,21582.835977253188,7071.738486040594,28122.19405201269,21582.835977253188,21582.835977253188,-4187.643045670047,-4187.643045670047,-4187.643045670047,427.72778674204307,427.72778674204307,427.72778674204307,-4615.370832412091,-4615.370832412091,-4615.370832412091,0.0,0.0,0.0,17395.19293158314
95,2011-11-25,21571.347394250228,8250.498716496073,27594.910843342874,21571.347394250228,21571.347394250228,-3738.614860623971,-3738.614860623971,-3738.614860623971,427.72778673385255,427.72778673385255,427.72778673385255,-4166.342647357823,-4166.342647357823,-4166.342647357823,0.0,0.0,0.0,17832.73253362626
96,2011-12-08,21550.011453593605,21343.981207431694,41449.84947857636,21550.011453593605,21550.011453593605,9893.662566099007,9893.662566099007,9893.662566099007,2419.5799509462386,2419.5799509462386,2419.5799509462386,7474.082615152769,7474.082615152769,7474.082615152769,0.0,0.0,0.0,31443.67401969261
97,2011-12-16,21536.88164395876,26212.303797800636,45793.96171753145,21536.88164395876,21536.88164395876,15000.432119479645,15000.432119479645,15000.432119479645,427.7277867376768,427.7277867376768,427.7277867376768,14572.704332741965,14572.704332741965,14572.704332741965,0.0,0.0,0.0,36537.313763438404
98,2011-12-23,21525.393060528273,27358.096158453194,46839.67616672002,21525.393060528273,21525.393060528273,15710.957687773447,15710.957687773447,15710.957687773447,427.7277867294863,427.7277867294863,427.7277867294863,15283.229901043962,15283.229901043962,15283.229901043962,0.0,0.0,0.0,37236.35074830172
99,2011-12-30,21513.90447709778,21706.887245044196,41287.37393791857,21513.90447709778,21513.90447709778,9854.719878741256,9854.719878741256,9854.719878741256,427.7277867346768,427.7277867346768,427.7277867346768,9426.992092006582,9426.992092006582,9426.992092006582,0.0,0.0,0.0,31368.624355839038
100,2012-01-06,21502.415893209985,10659.978801303887,32084.09457758448,21502.41589320999,21502.41589320999,56.540110520966806,56.540110520966806,56.540110520966806,427.72778673481133,427.72778673481133,427.72778673481133,-371.18767621384467,-371.18767621384467,-371.18767621384467,0.0,0.0,0.0,21558.956003730953
101,2012-01-13,21490.92730932219,2679.256370441448,23079.056938439848,21490.92730932219,21490.92730932219,-7998.428538101258,-7998.428538101258,-7998.428538101258,427.72778673331135,427.72778673331135,427.72778673331135,-8426.156324834568,-8426.156324834568,-8426.156324834568,0.0,0.0,0.0,13492.498771220931
102,2012-01-20,21479.438725434393,1516.4601049157732,21964.04821814528,21479.438725434393,21479.438725434393,-9024.614324131735,-9024.614324131735,-9024.614324131735,427.7277867318109,427.7277867318109,427.7277867318109,-9452.342110863545,-9452.342110863545,-9452.342110863545,0.0,0.0,0.0,12454.824401302658
103,2012-01-27,21467.950141546597,9306.661862209263,28899.79042525921,21467.950141546597,21467.950141546597,-2168.6096575328443,-2168.6096575328443,-2168.6096575328443,427.72778673863553,427.72778673863553,427.72778673863553,-2596.3374442714808,-2596.3374442714808,-2596.3374442714808,0.0,0.0,0.0,19299.340484013752
104,2012-02-03,21456.461557658797,19395.337996996772,39496.28076178878,21456.461557658797,21456.461557658797,7850.032929385156,7850.032929385156,7850.032929385156,427.7277867304451,427.7277867304451,427.7277867304451,7422.30514265471,7422.30514265471,7422.30514265471,0.0,0.0,0.0,29306.494487043954
105,2012-02-17,21433.484389246056,24212.682191206048,44271.43875888747,21433.484389246056,21433.484389246056,12731.991456074526,12731.991456074526,12731.991456074526,427.72778672744505,427.72778672744505,427.72778672744505,12304.263669347081,12304.263669347081,12304.263669347081,0.0,0.0,0.0,34165.47584532058
106,2012-02-24,21421.995805039685,17058.55259508207,36957.31341204751,21421.995805039685,21421.995805039685,5837.29959732183,5837.29959732183,5837.29959732183,427.72778674259405,427.72778674259405,427.72778674259405,5409.571810579237,5409.571810579237,5409.571810579237,0.0,0.0,0.0,27259.295402361517
107,2012-03-02,21410.50722083331,10259.43294917242,30055.669619749417,21410.50722083331,21410.50722083331,-1033.6713770485383,-1033.6713770485383,-1033.6713770485383,427.7277867344036,427.7277867344036,427.7277867344036,-1461.3991637829417,-1461.3991637829417,-1461.3991637829417,0.0,0.0,0.0,20376.835843784775
108,2012-03-08,21400.65986294214,10135.392122732386,29952.525634794565,21400.65986294214,21400.65986294214,-1661.7914216532142,-1661.7914216532142,-1661.7914216532142,2419.5799509546882,2419.5799509546882,2419.5799509546882,-4081.3713726079027,-4081.3713726079027,-4081.3713726079027,0.0,0.0,0.0,19738.868441288923
109,2012-03-16,21387.530047573644,9109.595265128595,29239.953416763416,21387.530047573644,21387.530047573644,-2404.049245462873,-2404.049245462873,-2404.049245462873,427.72778673972823,427.72778673972823,427.72778673972823,-2831.7770322026013,-2831.7770322026013,-2831.7770322026013,0.0,0.0,0.0,18983.48080211077
110,2012-03-23,21376.04145912621,11974.354953965872,32171.69854983695,21376.04145912621,21376.04145912621,162.8862553548961,162.8862553548961,162.8862553548961,427.7277867315373,427.7277867315373,427.7277867315373,-264.8415313766416,-264.8415313766416,-264.8415313766416,0.0,0.0,0.0,21538.927714481106
111,2012-03-30,21364.552870678774,13640.611067343769,33164.40188297513,21364.552870678774,21364.552870678774,1888.6466151000866,1888.6466151000866,1888.6466151000866,427.7277867367282,427.7277867367282,427.7277867367282,1460.9188283633582,1460.9188283633582,1460.9188283633582,0.0,0.0,0.0,23253.19948577886
112,2012-04-05,21354.7055091524,16180.209173703553,36368.04102673322,21354.7055091524,21354.7055091524,4795.959773654247,4795.959773654247,4795.959773654247,2419.5799509484054,2419.5799509484054,2419.5799509484054,2376.379822705842,2376.379822705842,2376.379822705842,0.0,0.0,0.0,26150.66528280665
113,2012-04-13,21341.575693783903,16603.096881005546,36462.22271062775,21341.575693783903,21341.575693783903,4221.879595402399,4221.879595402399,4221.879595402399,427.72778673536243,427.72778673536243,427.72778673536243,3794.1518086670367,3794.1518086670367,3794.1518086670367,0.0,0.0,0.0,25563.455289186302
114,2012-04-20,21330.087103768084,16251.145761651364,35835.1986726835,21330.087103768084,21330.087103768084,5147.7705276048955,5147.7705276048955,5147.7705276048955,427.7277867338628,427.7277867338628,427.7277867338628,4720.042740871032,4720.042740871032,4720.042740871032,0.0,0.0,0.0,26477.85763137298
115,2012-04-27,21318.598513752266,14666.247234436527,35691.44678716815,21318.598513752266,21318.598513752266,4132.898046027874,4132.898046027874,4132.898046027874,427.727786732362,427.727786732362,427.727786732362,3705.1702592955126,3705.1702592955126,3705.1702592955126,0.0,0.0,0.0,25451.496559780142
116,2012-05-10,21297.26256086575,10935.980623000054,31042.184742626287,21297.26256086575,21297.26256086575,-531.027825493436,-531.027825493436,-531.027825493436,2419.5799509461044,2419.5799509461044,2419.5799509461044,-2950.6077764395404,-2950.6077764395404,-2950.6077764395404,0.0,0.0,0.0,20766.234735372316
117,2012-05-18,21284.132743704817,5991.718583206637,26962.08035216341,21284.132743704817,21284.132743704817,-4332.029734756332,-4332.029734756332,-4332.029734756332,427.72778672949613,427.72778672949613,427.72778672949613,-4759.757521485828,-4759.757521485828,-4759.757521485828,0.0,0.0,0.0,16952.103008948485
118,2012-05-25,21272.644153688998,7781.8609233894995,28533.400477755124,21272.644153688998,21272.644153688998,-2688.82479944754,-2688.82479944754,-2688.82479944754,427.72778673632115,427.72778673632115,427.72778673632115,-3116.5525861838614,-3116.5525861838614,-3116.5525861838614,0.0,0.0,0.0,18583.81935424146
119,2012-06-01,21261.15556367318,11632.041134272627,31219.008103594333,21261.15556367318,21261.15556367318,-248.9199208067255,-248.9199208067255,-248.9199208067255,427.7277867281303,427.7277867281303,427.7277867281303,-676.647707534856,-676.647707534856,-676.647707534856,0.0,0.0,0.0,21012.235642866453
120,2012-06-04,21256.23188223783,15364.139672413354,35544.66757498419,21256.23188223783,21256.23188223783,4368.780731455771,4368.780731455771,4368.780731455771,4522.836112419835,4522.836112419835,4522.836112419835,-154.05538096406383,-154.05538096406383,-154.05538096406383,0.0,0.0,0.0,25625.0126136936
121,2012-06-07,21251.30820080248,13880.404636618732,33462.91396497753,21251.30820080248,21251.30820080248,2244.3018752161306,2244.3018752161306,2244.3018752161306,2419.57995095148,2419.57995095148,2419.57995095148,-175.27807573534886,-175.27807573534886,-175.27807573534886,0.0,0.0,0.0,23495.61007601861
122,2012-06-15,21238.178383641545,8607.190950495597,29065.01807766497,21238.178383641545,21238.178383641545,-2295.843688053469,-2295.843688053469,-2295.843688053469,427.7277867417795,427.7277867417795,427.7277867417795,-2723.571474795249,-2723.571474795249,-2723.571474795249,0.0,0.0,0.0,18942.334695588077
123,2012-06-22,21226.68979362573,5642.045173637995,26677.713010861513,21226.68979362573,21226.68979362573,-5551.482174095271,-5551.482174095271,-5551.482174095271,427.7277867402799,427.7277867402799,427.7277867402799,-5979.209960835551,-5979.209960835551,-5979.209960835551,0.0,0.0,0.0,15675.207619530458
124,2012-06-29,21215.20120360991,4435.919438256543,24452.33563358582,21215.20120360991,21215.20120360991,-7202.775649793458,-7202.775649793458,-7202.775649793458,427.7277867387793,427.7277867387793,427.7277867387793,-7630.503436532237,-7630.503436532237,-7630.503436532237,0.0,0.0,0.0,14012.425553816454
125,2012-07-09,21198.788932158743,10219.882185809522,29694.855713713223,21198.788932158743,21198.788932158743,-1835.88143612494,-1835.88143612494,-1835.88143612494,4522.836112423042,4522.836112423042,4522.836112423042,-6358.717548547982,-6358.717548547982,-6358.717548547982,0.0,0.0,0.0,19362.907496033804
126,2012-07-13,21192.224023578277,6197.456911106874,25697.736884697322,21192.224023578274,21192.224023578274,-5045.455113247922,-5045.455113247922,-5045.455113247922,427.72778673741306,427.72778673741306,427.72778673741306,-5473.182899985334,-5473.182899985334,-5473.182899985334,0.0,0.0,0.0,16146.768910330356
127,2012-07-20,21180.73543356246,6649.991741717227,26916.221138658828,21180.73543356246,21180.73543356246,-4228.854357551515,-4228.854357551515,-4228.854357551515,427.72778672922294,427.72778672922294,427.72778672922294,-4656.582144280738,-4656.582144280738,-4656.582144280738,0.0,0.0,0.0,16951.881076010945
128,2012-07-27,21169.24684354664,6696.351863068845,26687.20546428626,21169.24684354664,21169.24684354664,-4626.246237129276,-4626.246237129276,-4626.246237129276,427.7277867344134,427.7277867344134,427.7277867344134,-5053.974023863689,-5053.974023863689,-5053.974023863689,0.0,0.0,0.0,16543.000606417365
129,2012-08-06,21152.834572095475,9123.453757255891,29843.931869935095,21152.834572095475,21152.834572095475,-1687.1873387618957,-1687.1873387618957,-1687.1873387618957,4522.83611242707,4522.83611242707,4522.83611242707,-6210.023451188966,-6210.023451188966,-6210.023451188966,0.0,0.0,0.0,19465.64723333358
130,2012-08-17,21134.78107349919,6269.444884890438,26250.578007711574,21134.78107349919,21134.78107349919,-5244.913203764243,-5244.913203764243,-5244.913203764243,427.72778673154755,427.72778673154755,427.72778673154755,-5672.640990495791,-5672.640990495791,-5672.640990495791,0.0,0.0,0.0,15889.867869734948
131,2012-08-24,21123.292483483372,7673.1859832861865,26780.197151488093,21123.292483483372,21123.292483483372,-3611.34007088256,-3611.34007088256,-3611.34007088256,427.72778673004717,427.72778673004717,427.72778673004717,-4039.067857612607,-4039.067857612607,-4039.067857612607,0.0,0.0,0.0,17511.95241260081
132,2012-08-31,21111.803893467553,9665.85125765203,30151.112104266598,21111.803893467553,21111.803893467553,-1544.4682239589333,-1544.4682239589333,-1544.4682239589333,427.7277867301817,427.7277867301817,427.7277867301817,-1972.1960106891147,-1972.1960106891147,-1972.1960106891147,0.0,0.0,0.0,19567.33566950862
133,2012-09-03,21106.880212032203,14270.094777994153,34949.26886105889,21106.880212032203,21106.880212032203,3335.963548798904,3335.963548798904,3335.963548798904,4522.836112418553,4522.836112418553,4522.836112418553,-1186.8725636196493,-1186.8725636196493,-1186.8725636196493,0.0,0.0,0.0,24442.843760831107
134,2012-09-14,21088.82671343592,11090.615128537123,31628.463041469884,21088.82671343592,21088.82671343592,56.60954527827812,56.60954527827812,56.60954527827812,427.7277867355055,427.7277867355055,427.7277867355055,-371.11824145722755,-371.11824145722755,-371.11824145722755,0.0,0.0,0.0,21145.4362587142
135,2012-09-21,21077.338123420104,9672.767313197413,30246.284441010146,21077.338123420104,21077.338123420104,-1294.3334665173584,-1294.3334665173584,-1294.3334665173584,427.7277867423301,427.7277867423301,427.7277867423301,-1722.0612532596892,-1722.0612532596892,-1722.0612532596892,0.0,0.0,0.0,19783.004656902747
136,2012-09-28,21065.849533404285,8770.82097964395,28961.601763741426,21065.849533404282,21065.849533404282,-2616.59680271251,-2616.59680271251,-2616.59680271251,427.72778673413967,427.72778673413967,427.72778673413967,-3044.32458944665,-3044.32458944665,-3044.32458944665,0.0,0.0,0.0,18449.252730691776
137,2012-10-02,21059.28462482382,10877.017902541502,30931.169391336018,21059.28462482382,21059.28462482382,114.22719947441216,114.22719947441216,114.22719947441216,3115.9559246455938,3115.9559246455938,3115.9559246455938,-3001.7287251711814,-3001.7287251711814,-3001.7287251711814,0.0,0.0,0.0,21173.51182429823
138,2012-10-08,21049.437261953117,13924.387943642074,34354.650550936436,21049.437261953117,21049.437261953117,3255.62972028418,3255.62972028418,3255.62972028418,4522.836112409217,4522.836112409217,4522.836112409217,-1267.2063921250372,-1267.2063921250372,-1267.2063921250372,0.0,0.0,0.0,24305.0669822373
139,2012-10-19,21031.383763356833,16226.295052823036,36555.38512399704,21031.383763356833,21031.383763356833,5337.181285093276,5337.181285093276,5337.181285093276,427.72778673796466,427.72778673796466,427.72778673796466,4909.453498355311,4909.453498355311,4909.453498355311,0.0,0.0,0.0,26368.56504845011
140,2012-10-26,21019.895173341014,18188.035526871085,38279.05888228471,21019.895173341014,21019.895173341014,7239.079103063431,7239.079103063431,7239.079103063431,427.7277867364643,427.7277867364643,427.7277867364643,6811.351316326967,6811.351316326967,6811.351316326967,0.0,0.0,0.0,28258.974276404446
141,2012-11-05,21003.48290188985,18367.55863041717,38385.31280157613,21003.48290188985,21003.48290188985,7456.786395169898,7456.786395169898,7456.786395169898,4522.836112425787,4522.836112425787,4522.836112425787,2933.9502827441092,2933.9502827441092,2933.9502827441092,0.0,0.0,0.0,28460.26929705975
142,2012-12-10,20946.03995181076,26453.73792666802,45478.422446431876,20946.03995181076,20946.03995181076,14901.10728499619,14901.10728499619,14901.10728499619,4522.836112416748,4522.836112416748,4522.836112416748,10378.27117257944,10378.27117257944,10378.27117257944,0.0,0.0,0.0,35847.14723680695
143,2012-12-11,20944.398724665643,25430.2803053779,45714.41933244515,20944.398724665643,20944.398724665643,14461.887762485694,14461.887762485694,14461.887762485694,3115.9559246443946,3115.9559246443946,3115.9559246443946,11345.9318378413,11345.9318378413,11345.9318378413,0.0,0.0,0.0,35406.28648715134
144,2012-12-12,20942.757497520528,17433.06601139922,38331.29593221858,20942.757497520528,20942.757497520528,7052.659527886742,7052.659527886742,7052.659527886742,-5194.014453123132,-5194.014453123132,-5194.014453123132,12246.673981009873,12246.673981009873,12246.673981009873,0.0,0.0,0.0,27995.41702540727
145,2012-12-13,20941.11627037541,25872.66318556127,46342.45483581735,20941.11627037541,20941.11627037541,15488.193201609518,15488.193201609518,15488.193201609518,2419.579950949044,2419.579950949044,2419.579950949044,13068.613250660474,13068.613250660474,13068.613250660474,0.0,0.0,0.0,36429.309471984925
146,2012-12-14,20939.475043230294,24737.93533713948,45683.47850007513,20939.475043230294,20939.475043230294,14228.205342385878,14228.205342385878,14228.205342385878,427.7277867292328,427.7277867292328,427.7277867292328,13800.477555656644,13800.477555656644,13800.477555656644,0.0,0.0,0.0,35167.68038561617
147,2012-12-15,20937.833816085174,21773.231216204793,42868.30457121229,20937.83381608517,20937.83381608517,11456.644150302558,11456.644150302558,11456.644150302558,-2975.107470219746,-2975.107470219746,-2975.107470219746,14431.751620522306,14431.751620522306,14431.751620522306,0.0,0.0,0.0,32394.477966387734
148,2012-12-16,20936.19258894006,24231.762182403043,43524.955363971625,20936.19258894006,20936.19258894006,12635.842404686278,12635.842404686278,12635.842404686278,-2316.9778513915476,-2316.9778513915476,-2316.9778513915476,14952.820256077825,14952.820256077825,14952.820256077825,0.0,0.0,0.0,33572.03499362634
149,2012-12-17,20934.551361794944,30623.551684540744,51245.94784065584,20934.551361794944,20934.551361794944,19877.944893018717,19877.944893018717,19877.944893018717,4522.836112422347,4522.836112422347,4522.836112422347,15355.10878059637,15355.10878059637,15355.10878059637,0.0,0.0,0.0,40812.49625481366
150,2012-12-18,20932.91013464983,29802.82561201524,49619.388664827,20932.91013464983,20932.91013464983,18747.174741117447,18747.174741117447,18747.174741117447,3115.955924650499,3115.955924650499,3115.955924650499,15631.21881646695,15631.21881646695,15631.21881646695,0.0,0.0,0.0,39680.08487576728
151,2012-12-19,20931.268907504713,20433.180883852518,41267.535410344535,20931.26890598879,20931.268907504713,10581.043035867855,10581.043035867855,10581.043035867855,-5194.014453124501,-5194.014453124501,-5194.014453124501,15775.05748899236,15775.05748899236,15775.05748899236,0.0,0.0,0.0,31512.311943372566
152,2012-12-20,20929.627680359594,29212.73655744172,49061.98373897958,20929.627615597044,20929.627680359594,18201.537828552355,18201.537828552355,18201.537828552355,2419.579950953025,2419.579950953025,2419.579950953025,15781.957877599329,15781.957877599329,15781.957877599329,0.0,0.0,0.0,39131.165508911945
153,2012-12-21,20927.98645321448,26021.306298498734,47153.64099236728,20927.98622294458,20927.98649254584,16076.516212811717,16076.516212811717,16076.516212811717,427.7277867277324,427.7277867277324,427.7277867277324,15648.788426083987,15648.788426083987,15648.788426083987,0.0,0.0,0.0,37004.502666026194
154,2012-12-22,20926.345226069363,22280.042546826302,43119.90644919786,20926.344934454402,20926.345376786936,12398.941447008528,12398.941447008528,12398.941447008528,-2975.1074702276724,-2975.1074702276724,-2975.1074702276724,15374.0489172362,15374.0489172362,15374.0489172362,0.0,0.0,0.0,33325.28667307789
155,2012-12-23,20924.703998924244,22516.451482325505,43889.31731167539,20924.703354246358,20924.70431667726,12640.972716354778,12640.972716354778,12640.972716354778,-2316.9778513960737,-2316.9778513960737,-2316.9778513960737,14957.950567750853,14957.950567750853,14957.950567750853,0.0,0.0,0.0,33565.67671527902
156,2012-12-24,20923.06277177913,29967.655897870027,50389.57570076117,20923.061747111227,20923.06330389873,18925.31392224925,18925.31392224925,18925.31392224925,4522.83611240928,4522.83611240928,4522.83611240928,14402.477809839971,14402.477809839971,14402.477809839971,0.0,0.0,0.0,39848.37669402838
157,2012-12-25,20921.42154463401,28179.483331733303,48525.293856118114,20921.420112340744,20921.42228086698,16827.385327563192,16827.385327563192,16827.385327563192,3115.9559246374706,3115.9559246374706,3115.9559246374706,13711.429402925722,13711.429402925722,13711.429402925722,0.0,0.0,0.0,37748.8068721972
158,2012-12-26,20919.780317488894,18232.480904877135,38668.4697636668,20919.77838392357,20919.781443074426,7696.422214290844,7696.422214290844,7696.422214290844,-5194.014453121178,-5194.014453121178,-5194.014453121178,12890.436667412023,12890.436667412023,12890.436667412023,0.0,0.0,0.0,28616.202531779738
159,2012-12-27,20918.13909034378,25118.43643223307,44865.96235649373,20918.136608316156,20918.140466594195,14366.536806298427,14366.536806298427,14366.536806298427,2419.579950945348,2419.579950945348,2419.579950945348,11946.95685535308,11946.95685535308,11946.95685535308,0.0,0.0,0.0,35284.675896642206
160,2012-12-28,20916.49786319866,21754.90474702842,42366.124354063075,20916.495217680847,20916.499464876546,11317.967757501418,11317.967757501418,11317.967757501418,427.72778673619155,427.72778673619155,427.72778673619155,10890.23997076523,10890.23997076523,10890.23997076523,0.0,0.0,0.0,32234.465620700077
161,2012-12-29,20914.856636053544,17654.760229033345,37483.289130691344,20914.853452821262,20914.85887497789,6756.160253186945,6756.160253186945,6756.160253186945,-2975.1074702223614,-2975.1074702223614,-2975.1074702223614,9731.267723409306,9731.267723409306,9731.267723409306,0.0,0.0,0.0,27671.01688924049
162,2012-12-30,20913.215408908425,17002.67345041879,36600.182919677376,20913.211756427223,20913.218190663778,6165.6858885743995,6165.6858885743995,6165.6858885743995,-2316.9778513875626,-2316.9778513875626,-2316.9778513875626,8482.663739961963,8482.663739961963,8482.663739961963,0.0,0.0,0.0,27078.901297482826
163,2012-12-31,20911.57418176331,22333.3662057015,43076.63817787775,20911.57009291194,20911.57743337223,11681.410771495504,11681.410771495504,11681.410771495504,4522.836112421299,4522.836112421299,4522.836112421299,7158.574659074206,7158.574659074206,7158.574659074206,0.0,0.0,0.0,32592.984953258812
164,2013-01-01,20909.932954618194,20196.044479098826,39808.30944521187,20909.928350045317,20909.936561444505,8890.47821713766,8890.47821713766,8890.47821713766,3115.9559246495387,3115.9559246495387,3115.9559246495387,5774.522292488118,5774.522292488118,5774.522292488118,0.0,0.0,0.0,29800.411171755855
165,2013-01-02,20908.291727473075,9616.510895660189,29690.854657562817,20908.28628421227,20908.29591814755,-846.7868206444364,-846.7868206444364,-846.7868206444364,-5194.014453126411,-5194.014453126411,-5194.014453126411,4347.227632481976,4347.227632481976,4347.227632481976,0.0,0.0,0.0,20061.50490682864
166,2013-01-03,20906.65050032796,16072.426500456675,36411.65040966331,20906.64457939908,20906.655225707364,5313.988063546157,5313.988063546157,5313.988063546157,2419.579950950438,2419.579950950438,2419.579950950438,2894.408112595719,2894.408112595719,2894.408112595719,0.0,0.0,0.0,26220.638563874116
167,2013-01-04,20905.009273182844,12510.769061571307,33005.34531239729,20905.002772830692,20905.01456804721,1862.277956378757,1862.277956378757,1862.277956378757,427.72778674138164,427.72778674138164,427.72778674138164,1434.5501696373756,1434.5501696373756,1434.5501696373756,0.0,0.0,0.0,22767.2872295616
168,2013-01-05,20903.368046037725,7835.998296708792,27828.97912048398,20903.360518335554,20903.373965581188,-2988.4476765371505,-2988.4476765371505,-2988.4476765371505,-2975.1074702170495,-2975.1074702170495,-2975.1074702170495,-13.340206320101258,-13.340206320101258,-13.340206320101258,0.0,0.0,0.0,17914.920369500574
169,2013-01-06,20901.72681889261,7715.015335854043,27190.618467952947,20901.718820050854,20901.733428073738,-3746.9834788532253,-3746.9834788532253,-3746.9834788532253,-2316.977851379051,-2316.977851379051,-2316.977851379051,-1430.0056274741735,-1430.0056274741735,-1430.0056274741735,0.0,0.0,0.0,17154.743340039386
170,2013-01-07,20900.08559174749,13123.819986856135,32491.835017346086,20900.076862145244,20900.092966812146,1726.6158326012883,1726.6158326012883,1726.6158326012883,4522.836112414354,4522.836112414354,4522.836112414354,-2796.2202798130666,-2796.2202798130666,-2796.2202798130666,0.0,0.0,0.0,22626.70142434878
171,2013-01-08,20898.444364602376,10259.041416144837,29816.384486255272,20898.434383070588,20898.452175166633,-977.1273671161223,-977.1273671161223,-977.1273671161223,3115.9559246460767,3115.9559246460767,3115.9559246460767,-4093.083291762199,-4093.083291762199,-4093.083291762199,0.0,0.0,0.0,19921.316997486254
172,2013-01-09,20896.80313745726,571.2677385043096,20326.202881802754,20896.792136881333,20896.811309114353,-10496.332075748882,-10496.332075748882,-10496.332075748882,-5194.014453123087,-5194.014453123087,-5194.014453123087,-5302.317622625795,-5302.317622625795,-5302.317622625795,0.0,0.0,0.0,10400.471061708378
173,2013-01-10,20895.16191031214,6663.051464468842,27431.075368206024,20895.150226543323,20895.17055487787,-3986.9892702477127,-3986.9892702477127,-3986.9892702477127,2419.5799509533113,2419.5799509533113,2419.5799509533113,-6406.569221201024,-6406.569221201024,-6406.569221201024,0.0,0.0,0.0,16908.17264006443
174,2013-01-11,20893.520683167026,3807.473792828024,24661.46994826309,20893.508199299155,20893.529796046932,-6961.973146491701,-6961.973146491701,-6961.973146491701,427.7277867331907,427.7277867331907,427.7277867331907,-7389.700933224892,-7389.700933224892,-7389.700933224892,0.0,0.0,0.0,13931.547536675323
175,2013-01-12,20891.879456021907,-188.72522437239874,20084.575636061207,20891.86619379199,20891.88923663844,-11212.182947140003,-11212.182947140003,-11212.182947140003,-2975.1074702140268,-2975.1074702140268,-2975.1074702140268,-8237.075476925977,-8237.075476925977,-8237.075476925977,0.0,0.0,0.0,9679.696508881903
176,2013-01-13,20890.23822887679,-690.8731683666377,19593.074052793356,20890.22359576756,20890.248863694214,-11252.799620045567,-11252.799620045567,-11252.799620045567,-2316.977851385805,-2316.977851385805,-2316.977851385805,-8935.821768659762,-8935.821768659762,-8935.821768659762,0.0,0.0,0.0,9637.438608831224
177,2013-01-14,20888.597001731672,6029.510255548018,25616.08342974708,20888.5813944664,20888.608010920776,-4952.242859582833,-4952.242859582833,-4952.242859582833,4522.836112419955,4522.836112419955,4522.836112419955,-9475.078972002788,-9475.078972002788,-9475.078972002788,0.0,0.0,0.0,15936.354142148839
178,2013-01-15,20886.955774586557,4095.6625223681076,24678.32062835557,20886.939764659506,20886.967988783093,-6730.256942770834,-6730.256942770834,-6730.256942770834,3115.9559246426147,3115.9559246426147,3115.9559246426147,-9846.21286741345,-9846.21286741345,-9846.21286741345,0.0,0.0,0.0,14156.698831815724
179,2013-01-16,20885.31454744144,-5118.464178597269,15219.635762329137,20885.297148886006,20885.327372429405,-15237.013949024904,-15237.013949024904,-15237.013949024904,-5194.014453119763,-5194.014453119763,-5194.014453119763,-10042.999495905144,-10042.999495905144,-10042.999495905144,0.0,0.0,0.0,5648.3005984165375
180,2013-01-17,20883.673320296322,2781.196477122807,23672.417531225743,20883.65530557725,20883.68672685726,-7642.191564923229,-7642.191564923229,-7642.191564923229,2419.5799509584003,2419.5799509584003,2419.5799509584003,-10061.771515881628,-10061.771515881628,-10061.771515881628,0.0,0.0,0.0,13241.481755373094
181,2013-01-18,20882.032093151207,1108.8413959618526,21796.733036895806,20882.013433221866,20882.04608759923,-9473.795533924867,-9473.795533924867,-9473.795533924867,427.72778674001574,427.72778674001574,427.72778674001574,-9901.523320664883,-9901.523320664883,-9901.523320664883,0.0,0.0,0.0,11408.23655922634
182,2013-01-19,20880.39086600609,-1714.892465529861,18807.867994459935,20880.37097952686,20880.40558564024,-12539.079155450452,-12539.079155450452,-12539.079155450452,-2975.1074702196643,-2975.1074702196643,-2975.1074702196643,-9563.971685230787,-9563.971685230787,-9563.971685230787,0.0,0.0,0.0,8341.31171055564
183,2013-01-20,20878.749638860972,-343.721935976764,20040.908673886915,20878.7286627908,20878.76531170291,-11370.547382169323,-11370.547382169323,-11370.547382169323,-2316.977851390331,-2316.977851390331,-2316.977851390331,-9053.569530778992,-9053.569530778992,-9053.569530778992,0.0,0.0,0.0,9508.20225669165
184,2013-01-21,20877.108411715857,7947.190843549316,27658.276599789257,20877.086597369063,20877.124764283708,-3854.635186264385,-3854.635186264385,-3854.635186264385,4522.836112406887,4522.836112406887,4522.836112406887,-8377.471298671271,-8377.471298671271,-8377.471298671271,0.0,0.0,0.0,17022.47322545147
185,2013-01-22,20875.467184570738,6766.943690534047,26611.819558040213,20875.44473925461,20875.484667080724,-4429.493467283956,-4429.493467283956,-4429.493467283956,3115.9559246295876,3115.9559246295876,3115.9559246295876,-7545.449391913543,-7545.449391913543,-7545.449391913543,0.0,0.0,0.0,16445.973717286783
186,2013-01-23,20873.825957425623,-1387.1999445039587,19515.52547845406,20873.801801931837,20873.844202112337,-11763.776604600023,-11763.776604600023,-11763.776604600023,-5194.014453124996,-5194.014453124996,-5194.014453124996,-6569.762151475027,-6569.762151475027,-6569.762151475027,0.0,0.0,0.0,9110.0493528256
187,2013-01-24,20872.184730280507,7841.63721015911,28393.028801949375,20872.158962317637,20872.20403623405,-3045.394912293214,-3045.394912293214,-3045.394912293214,2419.579950939066,2419.579950939066,2419.579950939066,-5464.97486323228,-5464.97486323228,-5464.97486323228,0.0,0.0,0.0,17826.789817987294
188,2013-01-25,20870.543503135388,6640.510653794353,26558.850275094384,20870.51681995362,20870.564216945484,-3820.0085285150017,-3820.0085285150017,-3820.0085285150017,427.72778673851616,427.72778673851616,427.72778673851616,-4247.736315253518,-4247.736315253518,-4247.736315253518,0.0,0.0,0.0,17050.534974620386
189,2013-01-26,20868.902275990273,4537.134981747784,24852.68039810595,20868.874787742716,20868.924306148194,-5911.621889757233,-5911.621889757233,-5911.621889757233,-2975.107470225301,-2975.107470225301,-2975.107470225301,-2936.5144195319317,-2936.5144195319317,-2936.5144195319317,0.0,0.0,0.0,14957.28038623304
190,2013-01-27,20867.261048845154,7474.7038056687115,26985.249857335526,20867.23273977841,20867.28361442959,-3868.2732041107247,-3868.2732041107247,-3868.2732041107247,-2316.977851368783,-2316.977851368783,-2316.977851368783,-1551.2953527419415,-1551.2953527419415,-1551.2953527419415,0.0,0.0,0.0,16998.98784473443
191,2013-01-28,20865.61982170004,14467.67244995225,35451.07441200677,20865.59060373943,20865.642904708053,4409.584579343659,4409.584579343659,4409.584579343659,4522.836112412486,4522.836112412486,4522.836112412486,-113.25153306882724,-113.25153306882724,-113.25153306882724,0.0,0.0,0.0,25275.2044010437
192,2013-01-29,20863.978594554923,15355.779596217131,35286.944114385136,20863.94807727035,20864.00219193771,4471.571412390036,4471.571412390036,4471.571412390036,3115.9559246416547,3115.9559246416547,3115.9559246416547,1355.6154877483807,1355.6154877483807,1355.6154877483807,0.0,0.0,0.0,25335.55000694496
193,2013-01-30,20862.337367409804,8250.492965108666,28063.76154269689,20862.3055723495,20862.361485264963,-2361.1639562274686,-2361.1639562274686,-2361.1639562274686,-5194.014453121674,-5194.014453121674,-5194.014453121674,2832.8504968942048,2832.8504968942048,2832.8504968942048,0.0,0.0,0.0,18501.173411182335
194,2013-01-31,20860.69614026469,17365.669361217027,37584.34899098483,20860.66337335762,20860.720952652653,6715.511185967809,6715.511185967809,6715.511185967809,2419.579950944155,2419.579950944155,2419.579950944155,4295.931235023653,4295.931235023653,4295.931235023653,0.0,0.0,0.0,27576.2073262325
195,2013-02-01,20859.054913119573,16785.273904835176,37288.36571768671,20859.02146858638,20859.080935009224,6150.386368645198,6150.386368645198,6150.386368645198,427.7277867370158,427.7277867370158,427.7277867370158,5722.658581908183,5722.658581908183,5722.658581908183,0.0,0.0,0.0,27009.44128176477
196,2013-02-02,20857.413685974454,14354.306822129081,34763.73285255805,20857.37877722561,20857.440865464796,4116.435088640255,4116.435088640255,4116.435088640255,-2975.107470219989,-2975.107470219989,-2975.107470219989,7091.542558860244,7091.542558860244,7091.542558860244,0.0,0.0,0.0,24973.848774614708
197,2013-02-03,20855.77245882934,16820.360218296006,37237.48723450554,20855.73670840612,20855.8004240182,6065.198531280514,6065.198531280514,6065.198531280514,-2316.9778513885735,-2316.9778513885735,-2316.9778513885735,8382.176382669088,8382.176382669088,8382.176382669088,0.0,0.0,0.0,26920.970990109854
198,2013-02-04,20854.131231684223,25265.890318840327,45165.97133618002,20854.09408098811,20854.161089081783,14098.427083047123,14098.427083047123,14098.427083047123,4522.836112411962,4522.836112411962,4522.836112411962,9575.590970635161,9575.590970635161,9575.590970635161,0.0,0.0,0.0,34952.558314731345
199,2013-02-05,20852.490004539108,24692.733960757578,45315.80011311852,20852.451203356894,20852.520875629045,13770.538560278597,13770.538560278597,13770.538560278597,3115.9559246381928,3115.9559246381928,3115.9559246381928,10654.582635640405,10654.582635640405,10654.582635640405,0.0,0.0,0.0,34623.02856481771
200,2013-02-06,20850.84877739399,17768.996057893277,36833.545318897755,20850.80858947026,20850.88070558912,6409.992765897394,6409.992765897394,6409.992765897394,-5194.0144531230435,-5194.0144531230435,-5194.0144531230435,11604.007219020437,11604.007219020437,11604.007219020437,0.0,0.0,0.0,27260.841543291383
201,2013-02-07,20849.207550248873,25848.721106208355,45755.06560004536,20849.166595815448,20849.24092100382,14830.61452792518,14830.61452792518,14830.61452792518,2419.5799509470285,2419.5799509470285,2419.5799509470285,12411.03457697815,12411.03457697815,12411.03457697815,0.0,0.0,0.0,35679.82207817405
202,2013-02-08,20847.566323103758,23848.390093031452,44861.54921184963,20847.524247631467,20847.600586075438,13493.08593689284,13493.08593689284,13493.08593689284,427.72778673714987,427.72778673714987,427.72778673714987,13065.358150155691,13065.358150155691,13065.358150155691,0.0,0.0,0.0,34340.6522599966
203,2013-02-09,20845.92509595864,20605.43291842181,41785.62785810956,20845.881869445533,20845.96137587723,10584.247817390165,10584.247817390165,10584.247817390165,-2975.1074702279147,-2975.1074702279147,-2975.1074702279147,13559.355287618082,13559.355287618082,13559.355287618082,0.0,0.0,0.0,31430.172913348804
204,2013-02-10,20844.283868813523,22901.07034211505,42766.43802180567,20844.239085586618,20844.321267925625,11571.21719371184,11571.21719371184,11571.21719371184,-2316.977851408364,-2316.977851408364,-2316.977851408364,13888.195045120206,13888.195045120206,13888.195045120206,0.0,0.0,0.0,32415.501062525364
205,2013-02-11,20842.642641668408,28831.74888729831,49456.47952906626,20842.59611723131,20842.68106844277,18572.72742141999,18572.72742141999,18572.72742141999,4522.836112411438,4522.836112411438,4522.836112411438,14049.891309008553,14049.891309008553,14049.891309008553,0.0,0.0,0.0,39415.3700630884
206,2013-02-12,20841.00141452329,28362.765214243045,48564.93520950797,20840.95345680716,20841.040786584475,17161.256209790074,17161.256209790074,17161.256209790074,3115.9559246347317,3115.9559246347317,3115.9559246347317,14045.30028515534,14045.30028515534,14045.30028515534,0.0,0.0,0.0,38002.257624313366
207,2013-02-13,20839.360187378174,19565.739965172226,39163.29123550617,20839.310858427605,20839.400341632037,8684.04815574642,8684.04815574642,8684.04815574642,-5194.014453124413,-5194.014453124413,-5194.014453124413,13878.062608870832,13878.062608870832,13878.062608870832,0.0,0.0,0.0,29523.408343124596
208,2013-02-14,20837.718960233055,25551.228602432726,47174.395575188035,20837.667747588264,20837.7598966796,15974.071498912657,15974.071498912657,15974.071498912657,2419.5799509404596,2419.5799509404596,2419.5799509404596,13554.491547972199,13554.491547972199,13554.491547972199,0.0,0.0,0.0,36811.79045914571
209,2013-02-15,20836.07773308794,23839.089050083563,44529.241382894856,20836.024266325883,20836.120072078607,13511.13774429672,13511.13774429672,13511.13774429672,427.72778674234036,427.72778674234036,427.72778674234036,13083.409957554382,13083.409957554382,13083.409957554382,0.0,0.0,0.0,34347.215477384656
210,2013-02-16,20834.43650594282,19717.3085159871,40229.01985135876,20834.380308499618,20834.48030375273,9500.832302913055,9500.832302913055,9500.832302913055,-2975.107470222604,-2975.107470222604,-2975.107470222604,12475.93977313566,12475.93977313566,12475.93977313566,0.0,0.0,0.0,30335.268808855875
211,2013-02-17,20832.795278797705,19329.10887586463,39793.38925568241,20832.73662254565,20832.839427635612,9428.271019424872,9428.271019424872,9428.271019424872,-2316.9778513998526,-2316.9778513998526,-2316.9778513998526,11745.248870824724,11745.248870824724,11745.248870824724,0.0,0.0,0.0,30261.066298222577
212,2013-02-18,20831.15405165259,25683.262057556778,46727.85182570456,20831.093880486304,20831.200156827017,15429.097166281419,15429.097166281419,15429.097166281419,4522.836112410915,4522.836112410915,4522.836112410915,10906.261053870503,10906.261053870503,10906.261053870503,0.0,0.0,0.0,36260.25121793401
213,2013-02-19,20829.51282450747,24076.437635827202,44897.01954170062,20829.451045591668,20829.560836573004,13091.291645703577,13091.291645703577,13091.291645703577,3115.9559246372323,3115.9559246372323,3115.9559246372323,9975.335721066343,9975.335721066343,9975.335721066343,0.0,0.0,0.0,33920.80447021105
214,2013-02-20,20827.871597362355,13970.950519149132,34138.96254044036,20827.80867308753,20827.920436437224,3775.909961493524,3775.909961493524,3775.909961493524,-5194.014453124953,-5194.014453124953,-5194.014453124953,8969.924414618477,8969.924414618477,8969.924414618477,0.0,0.0,0.0,24603.78155885588
215,2013-02-21,20826.23037021724,20768.307815411754,40941.82590413094,20826.165465312522,20826.280769448225,10327.791868201892,10327.791868201892,10327.791868201892,2419.579950945549,2419.579950945549,2419.579950945549,7908.211917256343,7908.211917256343,7908.211917256343,0.0,0.0,0.0,31154.02223841913
216,2013-02-22,20824.58914307212,18270.968403975363,37946.650237321985,20824.52274139381,20824.641235540654,7236.477645414513,7236.477645414513,7236.477645414513,427.7277867341495,427.7277867341495,427.7277867341495,6808.749858680363,6808.749858680363,6808.749858680363,0.0,0.0,0.0,28061.066788486634
217,2013-02-23,20822.947915927005,13623.822485820698,33548.78042242896,20822.880248036858,20823.001731412438,2714.9834228273758,2714.9834228273758,2714.9834228273758,-2975.1074702282394,-2975.1074702282394,-2975.1074702282394,5690.090893055616,5690.090893055616,5690.090893055616,0.0,0.0,0.0,23537.93133875438
218,2013-02-24,20821.306688781886,13237.802731651402,32886.25519942704,20821.237367921087,20821.36221585301,2253.4535679320925,2253.4535679320925,2253.4535679320925,-2316.9778514066065,-2316.9778514066065,-2316.9778514066065,4570.431419338698,4570.431419338698,4570.431419338698,0.0,0.0,0.0,23074.760256713977
219,2013-02-25,20819.66546163677,19060.550087116746,39016.36816588146,20819.594714121635,20819.722669872506,7990.106649801185,7990.106649801185,7990.106649801185,4522.836112416514,4522.836112416514,4522.836112416514,3467.2705373846707,3467.2705373846707,3467.2705373846707,0.0,0.0,0.0,28809.772111437956
220,2013-02-26,20818.02423449165,16004.21484636929,36338.63437662374,20817.95178572993,20818.0830229253,5513.048396770109,5513.048396770109,5513.048396770109,3115.955924643337,3115.955924643337,3115.955924643337,2397.0924721267725,2397.0924721267725,2397.0924721267725,0.0,0.0,0.0,26331.072631261763
221,2013-02-27,20816.383007346536,6418.261302468292,27039.98800887532,20816.308738532087,20816.443632038867,-3818.9353860431384,-3818.9353860431384,-3818.9353860431384,-5194.014453120799,-5194.014453120799,-5194.014453120799,1375.0790670776607,1375.0790670776607,1375.0790670776607,0.0,0.0,0.0,16997.4476213034
222,2013-02-28,20814.74178020142,13965.817516397727,33371.11248469232,20814.665839685134,20814.804122596168,2834.4381145553252,2834.4381145553252,2834.4381145553252,2419.5799509484227,2419.5799509484227,2419.5799509484227,414.85816360690274,414.85816360690274,414.85816360690274,0.0,0.0,0.0,23649.179894756744
223,2013-03-01,20813.1005530563,10147.094412412534,30684.628409298435,20813.023519835264,20813.164683257688,-43.979450072794464,-43.979450072794464,-43.979450072794464,427.7277867326499,427.7277867326499,427.7277867326499,-471.7072368054444,-471.7072368054444,-471.7072368054444,0.0,0.0,0.0,20769.121102983507
224,2013-03-02,20811.459325911186,6050.656070492732,26444.892471917807,20811.38132384018,20811.52486330226,-4249.792630217502,-4249.792630217502,-4249.792630217502,-2975.107470225218,-2975.107470225218,-2975.107470225218,-1274.6851599922848,-1274.6851599922848,-1274.6851599922848,0.0,0.0,0.0,16561.666695693682
225,2013-03-03,20809.81809876607,7029.376337240668,26941.42428155303,20809.738506109985,20809.885948109604,-4303.171294804759,-4303.171294804759,-4303.171294804759,-2316.9778513980955,-2316.9778513980955,-2316.9778513980955,-1986.1934434066627,-1986.1934434066627,-1986.1934434066627,0.0,0.0,0.0,16506.64680396131
226,2013-03-04,20808.17687162095,12302.924523595024,32329.300441691605,20808.09579330909,20808.24614759181,1922.3665769991858,1922.3665769991858,1922.3665769991858,4522.836112403445,4522.836112403445,4522.836112403445,-2600.469535404261,-2600.469535404261,-2600.469535404261,0.0,0.0,0.0,22730.543448620137
227,2013-03-05,20806.535644475836,10908.49877457415,31332.789505054876,20806.452293025894,20806.606725888476,2.0649994204229856,2.0649994204229856,2.0649994204229856,3115.955924630309,3115.955924630309,3115.955924630309,-3113.8909252098865,-3113.8909252098865,-3113.8909252098865,0.0,0.0,0.0,20808.600643896258
228,2013-03-06,20804.894417330717,2060.498096904256,22405.67584875587,20804.808813622043,20804.96688827175,-8718.961466312294,-8718.961466312294,-8718.961466312294,-5194.0144531221695,-5194.0144531221695,-5194.0144531221695,-3524.9470131901235,-3524.9470131901235,-3524.9470131901235,0.0,0.0,0.0,12085.932951018423
229,2013-03-07,20803.253190185602,10193.793641097658,29748.053950925845,20803.16587866683,20803.32758028329,-1414.5844405289026,-1414.5844405289026,-1414.5844405289026,2419.579950941854,2419.579950941854,2419.579950941854,-3834.164391470757,-3834.164391470757,-3834.164391470757,0.0,0.0,0.0,19388.6687496567
230,2013-03-08,20801.611963040483,7006.737182056949,26932.293573469848,20801.524394480544,20801.687627631643,-3616.2608155571284,-3616.2608155571284,-3616.2608155571284,427.7277867327836,427.7277867327836,427.7277867327836,-4043.988602289913,-4043.988602289913,-4043.988602289913,0.0,0.0,0.0,17185.351147483354
231,2013-03-09,20799.970735895367,4002.021658004268,23553.895818097546,20799.88129046,20800.048160823044,-7133.7339189548065,-7133.7339189548065,-7133.7339189548065,-2975.107470222196,-2975.107470222196,-2975.107470222196,-4158.626448732611,-4158.626448732611,-4158.626448732611,0.0,0.0,0.0,13666.23681694056
232,2013-03-10,20798.329508750252,4365.019329248129,24482.344159854798,20798.23816920883,20798.407830200045,-6500.831675920804,-6500.831675920804,-6500.831675920804,-2316.9778514026216,-2316.9778514026216,-2316.9778514026216,-4183.853824518183,-4183.853824518183,-4183.853824518183,0.0,0.0,0.0,14297.49783282945
